,loan_start,interest_rate_yearly,total,principal,interest,minimum_monthly_payment,additional_payment,loan_end
0,4300000.0,0.023,20000.0,5468.625867395673,8241.666666666666,1289.7074659376613,5000.0,4288241.666666667
1,4288241.666666667,0.023,20000.0,5491.162672951228,8219.12986111111,1289.7074659376613,5000.0,4276460.796527778
2,4276460.796527778,0.023,20000.0,5513.742674050765,8196.549860011573,1289.7074659376613,5000.0,4264657.34638779
3,4264657.34638779,0.023,20000.0,5536.3659534857425,8173.926580576596,1289.7074659376613,5000.0,4252831.272968366
4,4252831.272968366,0.023,20000.0,5559.032594206305,8151.259939856034,1289.7074659376613,5000.0,4240982.532908222
5,4240982.532908222,0.023,20000.0,5581.742679321581,8128.549854740758,1289.7074659376613,5000.0,4229111.082762962
6,4229111.082762962,0.023,20000.0,5604.496292099995,8105.796241962344,1289.7074659376613,5000.0,4217216.879004925
7,4217216.879004925,0.023,20000.0,5627.293515969567,8082.999018092772,1289.7074659376613,5000.0,4205299.878023017
8,4205299.878023017,0.023,20000.0,5650.134434518223,8060.158099544115,1289.7074659376613,5000.0,4193360.0361225614
9,4193360.0361225614,0.023,20000.0,5673.019131494097,8037.273402568242,1289.7074659376613,5000.0,4181397.30952513
10,4181397.30952513,0.023,20000.0,5695.9476908058405,8014.344843256498,1289.7074659376613,5000.0,4169411.654368386
11,4169411.654368386,0.023,20000.0,5718.920196522932,7991.3723375394065,1289.7074659376613,5000.0,4157403.0267059254
12,4157403.0267059254,0.028999999999999998,20000.0,4796.810836618019,10047.05731453932,156.1318488426623,5000.0,4147450.0840204647
13,4147450.0840204647,0.028999999999999998,20000.0,4820.863781441216,10023.004369716122,156.1318488426623,5000.0,4137473.088390181
14,4137473.088390181,0.028999999999999998,20000.0,4844.9748542144025,9998.893296942935,156.1318488426623,5000.0,4127471.981687124
15,4127471.981687124,0.028999999999999998,20000.0,4869.144195413457,9974.72395574388,156.1318488426623,5000.0,4117446.705642868
16,4117446.705642868,0.028999999999999998,20000.0,4893.371945853742,9950.496205303596,156.1318488426623,5000.0,4107397.2018481717
17,4107397.2018481717,0.028999999999999998,20000.0,4917.658246690924,9926.209904466414,156.1318488426623,5000.0,4097323.411752638
18,4097323.411752638,0.028999999999999998,20000.0,4942.003239421798,9901.86491173554,156.1318488426623,5000.0,4087225.2766643735
19,4087225.2766643735,0.028999999999999998,20000.0,4966.407065885103,9877.461085272234,156.1318488426623,5000.0,4077102.7377496455
20,4077102.7377496455,0.028999999999999998,20000.0,4990.869868262362,9852.998282894976,156.1318488426623,5000.0,4066955.7360325404
21,4066955.7360325404,0.028999999999999998,20000.0,5015.3917890787,9828.476362078638,156.1318488426623,5000.0,4056784.212394619
22,4056784.212394619,0.028999999999999998,20000.0,5039.972971203677,9803.89517995366,156.1318488426623,5000.0,4046588.107574573
23,4046588.107574573,0.028999999999999998,20000.0,5064.613557852121,9779.254593305217,156.1318488426623,5000.0,4036367.362167878
24,4036367.362167878,0.035,21017.107163839875,4244.369024183563,11772.738139656312,0.0,5000.0,4027122.9931436945
25,4027122.9931436945,0.035,21017.107163839875,4271.331767170766,11745.775396669109,0.0,5000.0,4017851.661376524
26,4017851.661376524,0.035,21017.107163839875,4298.37315149168,11718.734012348195,0.0,5000.0,4008553.288225032
27,4008553.288225032,0.035,21017.107163839875,4325.493406516865,11691.61375732301,0.0,5000.0,3999227.794818515
28,3999227.794818515,0.035,21017.107163839875,4352.692762285873,11664.414401554002,0.0,5000.0,3989875.102056229
29,3989875.102056229,0.035,21017.107163839875,4379.971449509207,11637.135714330669,0.0,5000.0,3980495.1306067198
30,3980495.1306067198,0.035,21017.107163839875,4407.329699570275,11609.7774642696,0.0,5000.0,3971087.8009071494
31,3971087.8009071494,0.035,21017.107163839875,4434.767744527355,11582.33941931252,0.0,5000.0,3961653.0331626222
32,3961653.0331626222,0.035,21017.107163839875,4462.28581711556,11554.821346724315,0.0,5000.0,3952190.7473455067
33,3952190.7473455067,0.035,21017.107163839875,4489.884150748814,11527.223013091061,0.0,5000.0,3942700.863194758
34,3942700.863194758,0.035,21017.107163839875,4517.56297952183,11499.544184318045,0.0,5000.0,3933183.3002152364
35,3933183.3002152364,0.035,21017.107163839875,4545.322538212102,11471.784625627773,0.0,5000.0,3923637.9776770244
36,3923637.9776770244,0.044950000000000004,23147.738720247995,3450.444795532807,14697.293924715188,0.0,5000.0,3915187.532881492
37,3915187.532881492,0.044950000000000004,23147.738720247995,3482.0987533294065,14665.639966918588,0.0,5000.0,3906705.4341281625
38,3906705.4341281625,0.044950000000000004,23147.738720247995,3513.871281576252,14633.867438671743,0.0,5000.0,3898191.562846586
39,3898191.562846586,0.044950000000000004,23147.738720247995,3545.7628244184907,14601.975895829504,0.0,5000.0,3889645.8000221676
40,3889645.8000221676,0.044950000000000004,23147.738720247995,3577.773827664958,14569.964892583037,0.0,5000.0,3881068.0261945026
41,3881068.0261945026,0.044950000000000004,23147.738720247995,3609.9047387944192,14537.833981453576,0.0,5000.0,3872458.121455708
42,3872458.121455708,0.044950000000000004,23147.738720247995,3642.156006961821,14505.582713286174,0.0,5000.0,3863815.9654487465
43,3863815.9654487465,0.044950000000000004,23147.738720247995,3674.528083004565,14473.21063724343,0.0,5000.0,3855141.437365742
44,3855141.437365742,0.044950000000000004,23147.738720247995,3707.021419448818,14440.717300799177,0.0,5000.0,3846434.415946293
45,3846434.415946293,0.044950000000000004,23147.738720247995,3739.6364705158376,14408.102249732157,0.0,5000.0,3837694.7794757774
46,3837694.7794757774,0.044950000000000004,23147.738720247995,3772.3736921283107,14375.365028119684,0.0,5000.0,3828922.405783649
47,3828922.405783649,0.044950000000000004,23147.738720247995,3805.233541916741,14342.505178331254,0.0,5000.0,3820117.1722417325
48,3820117.1722417325,0.044950000000000004,22861.350152092633,3551.8279110704752,14309.522241022158,0.0,5000.0,3811565.344330662
49,3811565.344330662,0.044950000000000004,22861.350152092633,3583.861633120694,14277.488518971939,0.0,5000.0,3802981.4826975414
50,3802981.4826975414,0.044950000000000004,22861.350152092633,3616.0153481547586,14245.334803937874,0.0,5000.0,3794365.467349387
51,3794365.467349387,0.044950000000000004,22861.350152092633,3648.2895056463876,14213.060646446245,0.0,5000.0,3785717.17784374
52,3785717.17784374,0.044950000000000004,22861.350152092633,3680.6845567529544,14180.665595339678,0.0,5000.0,3777036.4932869873
53,3777036.4932869873,0.044950000000000004,22861.350152092633,3713.200954321792,14148.149197770841,0.0,5000.0,3768323.2923326655
54,3768323.2923326655,0.044950000000000004,22861.350152092633,3745.839152896522,14115.51099919611,0.0,5000.0,3759577.453179769
55,3759577.453179769,0.044950000000000004,22861.350152092633,3778.5996087234125,14082.75054336922,0.0,5000.0,3750798.8535710457
56,3750798.8535710457,0.044950000000000004,22861.350152092633,3811.4827797577564,14049.867372334877,0.0,5000.0,3741987.370791288
57,3741987.370791288,0.044950000000000004,22861.350152092633,3844.489125670265,14016.861026422368,0.0,5000.0,3733142.8816656177
58,3733142.8816656177,0.044950000000000004,22861.350152092633,3877.619107853505,13983.731044239128,0.0,5000.0,3724265.262557764
59,3724265.262557764,0.044950000000000004,22861.350152092633,3910.873189428341,13950.476962664292,0.0,5000.0,3715354.3893683357
60,3715354.3893683357,0.05495,24939.888002279135,2926.6610276299652,17013.22697464917,0.0,5000.0,3707427.728340706
61,3707427.728340706,0.05495,24939.888002279135,2962.9585295856523,16976.929472693482,0.0,5000.0,3699464.7698111203
62,3699464.7698111203,0.05495,24939.888002279135,2999.4222438523793,16940.465758426755,0.0,5000.0,3691465.347567268
63,3691465.347567268,0.05495,24939.888002279135,3036.0529315440217,16903.835070735113,0.0,5000.0,3683429.2946357243
64,3683429.2946357243,0.05495,24939.888002279135,3072.851357259715,16867.03664501942,0.0,5000.0,3675356.4432784645
65,3675356.4432784645,0.05495,24939.888002279135,3109.8182890998323,16830.069713179302,0.0,5000.0,3667246.6249893648
66,3667246.6249893648,0.05495,24939.888002279135,3146.9544986820038,16792.93350359713,0.0,5000.0,3659099.6704906826
67,3659099.6704906826,0.05495,24939.888002279135,3184.2607611572203,16755.627241121914,0.0,5000.0,3650915.4097295254
68,3650915.4097295254,0.05495,24939.888002279135,3221.737855226016,16718.15014705312,0.0,5000.0,3642693.6718742996
69,3642693.6718742996,0.05495,24939.888002279135,3259.386563154738,16680.501439124397,0.0,5000.0,3634434.285311145
70,3634434.285311145,0.05495,24939.888002279135,3297.207670791853,16642.68033148728,0.0,5000.0,3626137.077640353
71,3626137.077640353,0.05495,24939.888002279135,3335.201967584355,16604.68603469478,0.0,5000.0,3617801.8756727683
72,3617801.8756727683,0.05495,24606.406759634407,3039.8890039495236,16566.517755684883,0.0,5000.0,3609761.9866688186
73,3609761.9866688186,0.05495,24606.406759634407,3076.7049956801093,16529.701763954297,0.0,5000.0,3601685.2816731385
74,3601685.2816731385,0.05495,24606.406759634407,3113.689573972828,16492.71718566158,0.0,5000.0,3593571.5920991655
75,3593571.5920991655,0.05495,24606.406759634407,3150.8435108136473,16455.56324882076,0.0,5000.0,3585420.748588352
76,3585420.748588352,0.05495,24606.406759634407,3188.167581723581,16418.239177910826,0.0,5000.0,3577232.5810066285
77,3577232.5810066285,0.05495,24606.406759634407,3225.662565774888,16380.744193859518,0.0,5000.0,3569006.9184408537
78,3569006.9184408537,0.05495,24606.406759634407,3263.3292456073323,16343.077514027074,0.0,5000.0,3560743.5891952463
79,3560743.5891952463,0.05495,24606.406759634407,3301.1684074445093,16305.238352189897,0.0,5000.0,3552442.420787802
80,3552442.420787802,0.05495,24606.406759634407,3339.1808411102647,16267.225918524142,0.0,5000.0,3544103.239946692
81,3544103.239946692,0.05495,24606.406759634407,3377.3673400451826,16229.039419589224,0.0,5000.0,3535725.8726066467
82,3535725.8726066467,0.05495,24606.406759634407,3415.728701323138,16190.678058311269,0.0,5000.0,3527310.1439053235
83,3527310.1439053235,0.05495,24606.406759634407,3454.2657256679468,16152.14103396646,0.0,5000.0,3518855.8781796554
84,3518855.8781796554,0.05495,24269.4409650474,3156.013422883063,16113.427542164338,0.0,5000.0,3510699.8647567723
85,3510699.8647567723,0.05495,24269.4409650474,3193.3611676820165,16076.079797365384,0.0,5000.0,3502506.5035890904
86,3502506.5035890904,0.05495,24269.4409650474,3230.879934029026,16038.561031018375,0.0,5000.0,3494275.6236550612
87,3494275.6236550612,0.05495,24269.4409650474,3268.5705050602683,16000.870459987133,0.0,5000.0,3486007.053150001
88,3486007.053150001,0.05495,24269.4409650474,3306.4336674980223,15963.007297549379,0.0,5000.0,3477700.619482503
89,3477700.619482503,0.05495,24269.4409650474,3344.4702116671087,15924.970753380292,0.0,5000.0,3469356.149270836
90,3469356.149270836,0.05495,24269.4409650474,3382.680931511366,15886.760033536035,0.0,5000.0,3460973.4683393245
91,3460973.4683393245,0.05495,24269.4409650474,3421.0666246102464,15848.374340437154,0.0,5000.0,3452552.4017147142
92,3452552.4017147142,0.05495,24269.4409650474,3459.6280921954403,15809.81287285196,0.0,5000.0,3444092.773622519
93,3444092.773622519,0.05495,24269.4409650474,3498.366139167618,15771.074825879783,0.0,5000.0,3435594.4074833514
94,3435594.4074833514,0.05495,24269.4409650474,3537.2815741132217,15732.15939093418,0.0,5000.0,3427057.125909238
95,3427057.125909238,0.05495,24269.4409650474,3576.3752093213498,15693.065755726051,0.0,5000.0,3418480.750699917
96,3418480.750699917,0.05495,23928.71427121301,3274.921166966311,15653.7931042467,0.0,5000.0,3410205.8295329507
97,3410205.8295329507,0.05495,23928.71427121301,3312.813410143377,15615.900861069635,0.0,5000.0,3401893.0161228073
98,3401893.0161228073,0.05495,23928.71427121301,3350.879168217325,15577.835102995687,0.0,5000.0,3393542.1369545897
99,3393542.1369545897,0.05495,23928.71427121301,3389.1192357417876,15539.595035471224,0.0,5000.0,3385153.017718848
100,3385153.017718848,0.05495,23928.71427121301,3427.534410908789,15501.179860304223,0.0,5000.0,3376725.483307939
101,3376725.483307939,0.05495,23928.71427121301,3466.1254955654094,15462.588775647602,0.0,5000.0,3368259.3578123734
102,3368259.3578123734,0.05495,23928.71427121301,3504.8932952305204,15423.820975982491,0.0,5000.0,3359754.464517143
103,3359754.464517143,0.05495,23928.71427121301,3543.838619111595,15384.875652101417,0.0,5000.0,3351210.6258980315
104,3351210.6258980315,0.05495,23928.71427121301,3582.96228012161,15345.751991091402,0.0,5000.0,3342627.66361791
105,3342627.66361791,0.05495,23928.71427121301,3622.265094896,15306.449176317012,0.0,5000.0,3334005.398523014
106,3334005.398523014,0.05495,23928.71427121301,3661.7478838097104,15266.966387403301,0.0,5000.0,3325343.6506392043
107,3325343.6506392043,0.05495,23928.71427121301,3701.4114709943224,15227.30280021869,0.0,5000.0,3316642.23916821
108,3316642.23916821,0.05495,23583.92246244283,3396.464875585072,15187.45758685776,0.0,5000.0,3308245.774292625
109,3308245.774292625,0.05495,23583.92246244283,3434.9136876611883,15149.008774781643,0.0,5000.0,3299810.8606049637
110,3299810.8606049637,0.05495,23583.92246244283,3473.5385632559373,15110.383899186894,0.0,5000.0,3291337.3220417076
111,3291337.3220417076,0.05495,23583.92246244283,3512.3403085935133,15071.582153849318,0.0,5000.0,3282824.981733114
112,3282824.981733114,0.05495,23583.92246244283,3551.3197335899476,15032.602728852884,0.0,5000.0,3274273.661999524
113,3274273.661999524,0.05495,23583.92246244283,3590.477651870013,14993.444810572819,0.0,5000.0,3265683.184347654
114,3265683.184347654,0.05495,23583.92246244283,3629.814880784199,14954.107581658633,0.0,5000.0,3257053.36946687
115,3257053.36946687,0.05495,23583.92246244283,3669.332241425791,14914.59022101704,0.0,5000.0,3248384.0372254443
116,3248384.0372254443,0.05495,23583.92246244283,3709.0305586479863,14874.891903794845,0.0,5000.0,3239675.0066667963
117,3239675.0066667963,0.05495,23583.92246244283,3748.9106610811286,14835.011801361703,0.0,5000.0,3230926.096005715
118,3230926.096005715,0.05495,23583.92246244283,3788.9733811499973,14794.949081292834,0.0,5000.0,3222137.122624565
119,3222137.122624565,0.05495,23583.92246244283,3829.21955509118,14754.702907351651,0.0,5000.0,3213307.903069474
120,3213307.903069474,0.05495,23234.729750133047,3520.4573106607495,14714.272439472297,0.0,5000.0,3204787.445758813
121,3204787.445758813,0.05495,23234.729750133047,3559.4739047624826,14675.255845370564,0.0,5000.0,3196227.9718540506
122,3196227.9718540506,0.05495,23234.729750133047,3598.6691623513743,14636.060587781672,0.0,5000.0,3187629.3026916995
123,3187629.3026916995,0.05495,23234.729750133047,3638.0439015573083,14596.685848575738,0.0,5000.0,3178991.2587901424
124,3178991.2587901424,0.05495,23234.729750133047,3677.5989442565206,14557.130805876526,0.0,5000.0,3170313.659845886
125,3170313.659845886,0.05495,23234.729750133047,3717.3351160887632,14517.394634044284,0.0,5000.0,3161596.324729797
126,3161596.324729797,0.05495,23234.729750133047,3757.25324647452,14477.476503658527,0.0,5000.0,3152839.0714833224
127,3152839.0714833224,0.05495,23234.729750133047,3797.3541686323333,14437.375581500713,0.0,5000.0,3144041.71731469
128,3144041.71731469,0.05495,23234.729750133047,3837.638719596198,14397.091030536849,0.0,5000.0,3135204.078595094
129,3135204.078595094,0.05495,23234.729750133047,3878.107740233014,14356.622009900033,0.0,5000.0,3126325.9708548607
130,3126325.9708548607,0.05495,23234.729750133047,3918.762075260165,14315.967674872882,0.0,5000.0,3117407.2087796004
131,3117407.2087796004,0.05495,23234.729750133047,3959.602573263128,14275.127176869919,0.0,5000.0,3108447.6062063375
132,3108447.6062063375,0.05495,22880.76443129895,3646.664767879098,14234.099663419853,0.0,5000.0,3099800.9414384584
133,3099800.9414384584,0.05495,22880.76443129895,3686.259286962011,14194.50514433694,0.0,5000.0,3091114.6821514964
134,3091114.6821514964,0.05495,22880.76443129895,3726.035115946892,14154.729315352059,0.0,5000.0,3082388.6470355494
135,3082388.6470355494,0.05495,22880.76443129895,3765.9930850819983,14114.771346216952,0.0,5000.0,3073622.6539504672
136,3073622.6539504672,0.05495,22880.76443129895,3806.1340284174366,14074.630402881514,0.0,5000.0,3064816.5199220497
137,3064816.5199220497,0.05495,22880.76443129895,3846.4587838225652,14034.305647476385,0.0,5000.0,3055970.061138227
138,3055970.061138227,0.05495,22880.76443129895,3886.968193003486,13993.796238295465,0.0,5000.0,3047083.0929452237
139,3047083.0929452237,0.05495,22880.76443129895,3927.663101520615,13953.101329778336,0.0,5000.0,3038155.4298437033
140,3038155.4298437033,0.05495,22880.76443129895,3968.5443588063263,13912.220072492624,0.0,5000.0,3029186.885484897
141,3029186.885484897,0.05495,22880.76443129895,4009.6128181826934,13871.151613116257,0.0,5000.0,3020177.272666714
142,3020177.272666714,0.05495,22880.76443129895,4050.86933687929,13829.89509441966,0.0,5000.0,3011126.403329835
143,3011126.403329835,0.05495,22880.76443129895,4092.3147760510838,13788.449655247867,0.0,5000.0,3002034.088553784
144,3002034.088553784,0.05495,22521.613773714198,3774.7993432116637,13746.814430502534,0.0,5000.0,2993259.2892105724
145,2993259.2892105724,0.05495,22521.613773714198,3814.9806118707857,13706.633161843412,0.0,5000.0,2984444.3085987014
146,2984444.3085987014,0.05495,22521.613773714198,3855.345877255979,13666.26789645822,0.0,5000.0,2975588.9627214456
147,2975588.9627214456,0.05495,22521.613773714198,3895.895981918913,13625.717791795285,0.0,5000.0,2966693.0667395266
148,2966693.0667395266,0.05495,22521.613773714198,3936.631772269451,13584.982001444747,0.0,5000.0,2957756.434967257
149,2957756.434967257,0.05495,22521.613773714198,3977.5540985933003,13544.059675120898,0.0,5000.0,2948778.880868664
150,2948778.880868664,0.05495,22521.613773714198,4018.6638150697745,13502.949958644424,0.0,5000.0,2939760.217053594
151,2939760.217053594,0.05495,22521.613773714198,4059.961779789617,13461.65199392458,0.0,5000.0,2930700.2552738045
152,2930700.2552738045,0.05495,22521.613773714198,4101.448854772903,13420.164918941295,0.0,5000.0,2921598.8064190317
153,2921598.8064190317,0.05495,22521.613773714198,4143.12590598705,13378.487867727148,0.0,5000.0,2912455.680513045
154,2912455.680513045,0.05495,22521.613773714198,4184.993803364881,13336.619970349317,0.0,5000.0,2903270.68670968
155,2903270.68670968,0.05495,22521.613773714198,4227.053420822789,13294.560352891409,0.0,5000.0,2894043.6332888575
156,2894043.6332888575,0.05495,22156.81795580894,3904.5098183737136,13252.308137435226,0.0,5000.0,2885139.123470484
157,2885139.123470484,0.05495,22156.81795580894,3945.2850529170173,13211.532902891922,0.0,5000.0,2876193.838417567
158,2876193.838417567,0.05495,22156.81795580894,3986.2470040551652,13170.570951753774,0.0,5000.0,2867207.591413512
159,2867207.591413512,0.05495,22156.81795580894,4027.3965267945678,13129.421429014372,0.0,5000.0,2858180.1948867175
160,2858180.1948867175,0.05495,22156.81795580894,4068.734480056846,13088.083475752093,0.0,5000.0,2849111.4604066606
161,2849111.4604066606,0.05495,22156.81795580894,4110.261726696774,13046.556229112166,0.0,5000.0,2840001.1986799636
162,2840001.1986799636,0.05495,22156.81795580894,4151.9791335202735,13004.838822288666,0.0,5000.0,2830849.2195464433
163,2830849.2195464433,0.05495,22156.81795580894,4193.887571302519,12962.93038450642,0.0,5000.0,2821655.3319751406
164,2821655.3319751406,0.05495,22156.81795580894,4235.98791480611,12920.83004100283,0.0,5000.0,2812419.3440603344
165,2812419.3440603344,0.05495,22156.81795580894,4278.281042799326,12878.536913009613,0.0,5000.0,2803141.063017535
166,2803141.063017535,0.05495,22156.81795580894,4320.767838074478,12836.050117734461,0.0,5000.0,2793820.2951794607
167,2793820.2951794607,0.05495,22156.81795580894,4363.449187466327,12793.368768342612,0.0,5000.0,2784456.8459919943
168,2784456.8459919943,0.05495,21785.86284320928,4035.3708692709424,12750.491973938339,0.0,5000.0,2775421.4751227233
169,2775421.4751227233,0.05495,21785.86284320928,4076.7453383764787,12709.117504832802,0.0,5000.0,2766344.7297843467
170,2766344.7297843467,0.05495,21785.86284320928,4118.309268071795,12667.553575137486,0.0,5000.0,2757226.420516275
171,2757226.420516275,0.05495,21785.86284320928,4160.063525928506,12625.799317280775,0.0,5000.0,2748066.356990346
172,2748066.356990346,0.05495,21785.86284320928,4202.008983490989,12583.853859718292,0.0,5000.0,2738864.348006855
173,2738864.348006855,0.05495,21785.86284320928,4244.146516294557,12541.716326914724,0.0,5000.0,2729620.2014905605
174,2729620.2014905605,0.05495,21785.86284320928,4286.477003883756,12499.385839325525,0.0,5000.0,2720333.724486677
175,2720333.724486677,0.05495,21785.86284320928,4329.001329830708,12456.861513378573,0.0,5000.0,2711004.723156846
176,2711004.723156846,0.05495,21785.86284320928,4371.720381753557,12414.142461455724,0.0,5000.0,2701633.0027750926
177,2701633.0027750926,0.05495,21785.86284320928,4414.635051335004,12371.227791874277,0.0,5000.0,2692218.3677237574
178,2692218.3677237574,0.05495,21785.86284320928,4457.74623434091,12328.116608868371,0.0,5000.0,2682760.6214894163
179,2682760.6214894163,0.05495,21785.86284320928,4501.054830638996,12284.808012570285,0.0,5000.0,2673259.566658777
180,2673259.566658777,0.05495,21408.17132272195,4166.870223730302,12241.30109899165,0.0,5000.0,2664092.696435047
181,2664092.696435047,0.05495,21408.17132272195,4208.846850296468,12199.324472425484,0.0,5000.0,2654883.8495847504
182,2654883.8495847504,0.05495,21408.17132272195,4251.015694831784,12157.155627890168,0.0,5000.0,2645632.8338899184
183,2645632.8338899184,0.05495,21408.17132272195,4293.377637534368,12114.793685187584,0.0,5000.0,2636339.456252384
184,2636339.456252384,0.05495,21408.17132272195,4335.93356263291,12072.237760089041,0.0,5000.0,2627003.522689751
185,2627003.522689751,0.05495,21408.17132272195,4378.684358405135,12029.486964316817,0.0,5000.0,2617624.838331346
186,2617624.838331346,0.05495,21408.17132272195,4421.630917196331,11986.54040552562,0.0,5000.0,2608203.20741415
187,2608203.20741415,0.05495,21408.17132272195,4464.774135437992,11943.39718728396,0.0,5000.0,2598738.433278712
188,2598738.433278712,0.05495,21408.17132272195,4508.114913666517,11900.056409055434,0.0,5000.0,2589230.3183650454
189,2589230.3183650454,0.05495,21408.17132272195,4551.654156542016,11856.517166179936,0.0,5000.0,2579678.6642085034
190,2579678.6642085034,0.05495,21408.17132272195,4595.392772867181,11812.778549854771,0.0,5000.0,2570083.271435636
191,2570083.271435636,0.05495,21408.17132272195,4639.331675606269,11768.839647115683,0.0,5000.0,2560443.93976003
192,2560443.93976003,0.05495,21023.092833129165,4298.393292311361,11724.699540817803,0.0,5000.0,2551145.546467718
193,2551145.546467718,0.05495,21023.092833129165,4340.972184929071,11682.120648200093,0.0,5000.0,2541804.574282789
194,2541804.574282789,0.05495,21023.092833129165,4383.746053392559,11639.346779736605,0.0,5000.0,2532420.8282293966
195,2532420.8282293966,0.05495,21023.092833129165,4426.715790528719,11596.377042600445,0.0,5000.0,2522994.112438868
196,2522994.112438868,0.05495,21023.092833129165,4469.882293252849,11553.210539876314,0.0,5000.0,2513524.230145615
197,2513524.230145615,0.05495,21023.092833129165,4513.246462587369,11509.846370541794,0.0,5000.0,2504010.983683028
198,2504010.983683028,0.05495,21023.092833129165,4556.809203680634,11466.28362944853,0.0,5000.0,2494454.174479347
199,2494454.174479347,0.05495,21023.092833129165,4600.571425825821,11422.521407303342,0.0,5000.0,2484853.6030535214
200,2484853.6030535214,0.05495,21023.092833129165,4644.534042479914,11378.55879064925,0.0,5000.0,2475209.0690110414
201,2475209.0690110414,0.05495,21023.092833129165,4688.697971282771,11334.394861846393,0.0,5000.0,2465520.3710397584
202,2465520.3710397584,0.05495,21023.092833129165,4733.06413407627,11290.028699052893,0.0,5000.0,2455787.306905682
203,2455787.306905682,0.05495,21023.092833129165,4777.6334569235605,11245.459376205603,0.0,5000.0,2446009.6734487587
204,2446009.6734487587,0.05495,20629.8906223936,4429.204659392828,11200.685963000773,0.0,5000.0,2436580.4687893656
205,2436580.4687893656,0.05495,20629.8906223936,4472.382559062298,11157.508063331303,0.0,5000.0,2427108.086230303
206,2427108.086230303,0.05495,20629.8906223936,4515.758177530672,11114.13244486293,0.0,5000.0,2417592.3280527727
207,2417592.3280527727,0.05495,20629.8906223936,4559.332420185281,11070.55820220832,0.0,5000.0,2408032.9956325875
208,2408032.9956325875,0.05495,20629.8906223936,4603.106196559378,11026.784425834223,0.0,5000.0,2398429.889436028
209,2398429.889436028,0.05495,20629.8906223936,4647.080420351123,10982.810202042478,0.0,5000.0,2388782.809015677
210,2388782.809015677,0.05495,20629.8906223936,4691.256009442648,10938.634612950953,0.0,5000.0,2379091.553006234
211,2379091.553006234,0.05495,20629.8906223936,4735.633885919222,10894.256736474379,0.0,5000.0,2369355.919120315
212,2369355.919120315,0.05495,20629.8906223936,4780.214976088493,10849.675646305108,0.0,5000.0,2359575.7041442264
213,2359575.7041442264,0.05495,20629.8906223936,4825.000210499831,10804.89041189377,0.0,5000.0,2349750.7039337265
214,2349750.7039337265,0.05495,20629.8906223936,4869.990523963746,10759.900098429855,0.0,5000.0,2339880.713409763
215,2339880.713409763,0.05495,20629.8906223936,4915.186855571395,10714.703766822206,0.0,5000.0,2329965.5265541915
216,2329965.5265541915,0.05495,20227.726111193202,4558.425637513799,10669.300473679401,0.0,5000.0,2320407.1009166776
217,2320407.1009166776,0.05495,20227.726111193202,4602.195261578914,10625.530849614286,0.0,5000.0,2310804.9056550986
218,2310804.9056550986,0.05495,20227.726111193202,4646.165314047563,10581.560797145637,0.0,5000.0,2301158.740341051
219,2301158.740341051,0.05495,20227.726111193202,4690.336712714805,10537.389398478395,0.0,5000.0,2291468.4036283363
220,2291468.4036283363,0.05495,20227.726111193202,4734.710379578444,10493.015731614756,0.0,5000.0,2281733.6932487576
221,2281733.6932487576,0.05495,20227.726111193202,4779.287240858264,10448.438870334936,0.0,5000.0,2271954.4060078994
222,2271954.4060078994,0.05495,20227.726111193202,4824.068227015361,10403.65788417784,0.0,5000.0,2262130.337780884
223,2262130.337780884,0.05495,20227.726111193202,4869.054272771569,10358.671838421631,0.0,5000.0,2252261.2835081127
224,2252261.2835081127,0.05495,20227.726111193202,4914.246317128969,10313.479794064231,0.0,5000.0,2242347.0371909835
225,2242347.0371909835,0.05495,20227.726111193202,4959.645303389489,10268.080807803712,0.0,5000.0,2232387.391887594
226,2232387.391887594,0.05495,20227.726111193202,5005.252179174593,10222.473932018607,0.0,5000.0,2222382.1397084193
227,2222382.1397084193,0.05495,20227.726111193202,5051.0678964450635,10176.658214748137,0.0,5000.0,2212331.071811974
228,2212331.071811974,0.05495,20000.0,4685.006836331562,10130.632699672331,184.36046399610677,5000.0,2202461.704511646
229,2202461.704511646,0.05495,20000.0,4730.200314094314,10085.439221909579,184.36046399610677,5000.0,2192547.143733556
230,2192547.143733556,0.05495,20000.0,4775.6007403239855,10040.038795679908,184.36046399610677,5000.0,2182587.1825292357
231,2182587.1825292357,0.05495,20000.0,4821.209062672102,9994.430473331791,184.36046399610677,5000.0,2172581.6130025676
232,2172581.6130025676,0.05495,20000.0,4867.026233129636,9948.613302874257,184.36046399610677,5000.0,2162530.226305442
233,2162530.226305442,0.05495,20000.0,4913.053208046891,9902.586327957002,184.36046399610677,5000.0,2152432.812633399
234,2152432.812633399,0.05495,20000.0,4959.290948153455,9856.348587850438,184.36046399610677,5000.0,2142289.1612212495
235,2142289.1612212495,0.05495,20000.0,5005.740418578256,9809.899117425637,184.36046399610677,5000.0,2132099.060338675
236,2132099.060338675,0.05495,20000.0,5052.402588869711,9763.236947134183,184.36046399610677,5000.0,2121862.297285809
237,2121862.297285809,0.05495,20000.0,5099.278433015959,9716.361102987934,184.36046399610677,5000.0,2111578.658388797
238,2111578.658388797,0.05495,20000.0,5146.368929465194,9669.2706065387,184.36046399610677,5000.0,2101247.928995336
239,2101247.928995336,0.05495,20000.0,5193.675061146085,9621.964474857808,184.36046399610677,5000.0,2090869.8934701937
240,2090869.8934701937,0.05495,20000.0,4802.482944474086,9574.441720515595,623.0753350103187,5000.0,2080444.3351907092
241,2080444.3351907092,0.05495,20000.0,4850.223313428893,9526.701351560789,623.0753350103187,5000.0,2069971.03654227
242,2069971.03654227,0.05495,20000.0,4898.18229348987,9478.742371499811,623.0753350103187,5000.0,2059449.7789137699
243,2059449.7789137699,0.05495,20000.0,4946.3608857137115,9430.56377927597,623.0753350103187,5000.0,2048880.3426930457
244,2048880.3426930457,0.05495,20000.0,4994.7600957411105,9382.16456924857,623.0753350103187,5000.0,2038262.5072622944
245,2038262.5072622944,0.05495,20000.0,5043.38093381776,9333.543731171922,623.0753350103187,5000.0,2027596.0509934663
246,2027596.0509934663,0.05495,20000.0,5092.224414815435,9284.700250174246,623.0753350103187,5000.0,2016880.7512436404
247,2016880.7512436404,0.05495,20000.0,5141.291558253179,9235.633106736503,623.0753350103187,5000.0,2006116.384350377
248,2006116.384350377,0.05495,20000.0,5190.583388318581,9186.3412766711,623.0753350103187,5000.0,1995302.725627048
249,1995302.725627048,0.05495,20000.0,5240.100933889158,9136.823731100523,623.0753350103187,5000.0,1984439.5493581484
250,1984439.5493581484,0.05495,20000.0,5289.845228553828,9087.079436435853,623.0753350103187,5000.0,1973526.6287945842
251,1973526.6287945842,0.05495,20000.0,5339.817310634482,9037.1073543552,623.0753350103187,5000.0,1962563.7361489395
252,1962563.7361489395,0.05495,20000.0,4900.336011530575,8986.906441782017,1112.7575466874077,5000.0,1951550.6425907214
253,1951550.6425907214,0.05495,20000.0,4950.766802449249,8936.475650863344,1112.7575466874077,5000.0,1940487.1182415846
254,1940487.1182415846,0.05495,20000.0,5001.42852436467,8885.813928947922,1112.7575466874077,5000.0,1929372.9321705326
255,1929372.9321705326,0.05495,20000.0,5052.3222347483625,8834.92021856423,1112.7575466874077,5000.0,1918207.852389097
256,1918207.852389097,0.05495,20000.0,5103.4489959141865,8783.793457398406,1112.7575466874077,5000.0,1906991.6458464954
257,1906991.6458464954,0.05495,20000.0,5154.809875040517,8732.432578272075,1112.7575466874077,5000.0,1895724.0784247676
258,1895724.0784247676,0.05495,20000.0,5206.405944192511,8680.836509120081,1112.7575466874077,5000.0,1884404.9149338878
259,1884404.9149338878,0.05495,20000.0,5258.238280344498,8629.004172968094,1112.7575466874077,5000.0,1873033.9191068558
260,1873033.9191068558,0.05495,20000.0,5310.30796540245,8576.934487910143,1112.7575466874077,5000.0,1861610.853594766
261,1861610.853594766,0.05495,20000.0,5362.616086226561,8524.626367086032,1112.7575466874077,5000.0,1850135.479961852
262,1850135.479961852,0.05495,20000.0,5415.163734653945,8472.078718658648,1112.7575466874077,5000.0,1838607.5586805106
263,1838607.5586805106,0.05495,20000.0,5467.952007521422,8419.29044579117,1112.7575466874077,5000.0,1827026.8491263017
264,1827026.8491263017,0.05495,20000.0,4971.779594869662,8366.26044662419,1661.9599585061478,5000.0,1815393.1095729258
265,1815393.1095729258,0.05495,20000.0,5025.052427241164,8312.987614252688,1661.9599585061478,5000.0,1803706.0971871784
266,1803706.0971871784,0.05495,20000.0,5078.569204790898,8259.470836702954,1661.9599585061478,5000.0,1791965.5680238814
267,1791965.5680238814,0.05495,20000.0,5132.331044584496,8205.708996909356,1661.9599585061478,5000.0,1780171.2770207908
268,1780171.2770207908,0.05495,20000.0,5186.339068802815,8151.700972691037,1661.9599585061478,5000.0,1768322.9779934818
269,1768322.9779934818,0.05495,20000.0,5240.5944047653675,8097.445636728485,1661.9599585061478,5000.0,1756420.4236302103
270,1756420.4236302103,0.05495,20000.0,5295.098184953848,8042.941856540004,1661.9599585061478,5000.0,1744463.3654867504
271,1744463.3654867504,0.05495,20000.0,5349.851547035775,7988.188494458077,1661.9599585061478,5000.0,1732451.5539812085
272,1732451.5539812085,0.05495,20000.0,5404.855633888235,7933.184407605617,1661.9599585061478,5000.0,1720384.738388814
273,1720384.738388814,0.05495,20000.0,5460.111593621742,7877.92844787211,1661.9599585061478,5000.0,1708262.6668366862
274,1708262.6668366862,0.05495,20000.0,5515.620579604194,7822.419461889658,1661.9599585061478,5000.0,1696085.0862985759
275,1696085.0862985759,0.05495,20000.0,5571.383750484958,7766.656291008894,1661.9599585061478,5000.0,1683851.7425895848
276,1683851.7425895848,0.05495,20000.0,5008.116743280719,7710.637771274806,2281.245485444475,5000.0,1671562.3803608597
277,1671562.3803608597,0.05495,20000.0,5064.391781153089,7654.362733402436,2281.245485444475,5000.0,1659216.7430942622
278,1659216.7430942622,0.05495,20000.0,5120.92451180305,7597.830002752475,2281.245485444475,5000.0,1646814.5730970146
279,1646814.5730970146,0.05495,20000.0,5177.71611524878,7541.038399306745,2281.245485444475,5000.0,1634355.6114963214
280,1634355.6114963214,0.05495,20000.0,5234.767776911954,7483.986737643571,2281.245485444475,5000.0,1621839.598233965
281,1621839.598233965,0.05495,20000.0,5292.080687642494,7426.673826913031,2281.245485444475,5000.0,1609266.272060878
282,1609266.272060878,0.05495,20000.0,5349.656043743421,7369.098470812104,2281.245485444475,5000.0,1596635.3705316903
283,1596635.3705316903,0.05495,20000.0,5407.495046995827,7311.259467559698,2281.245485444475,5000.0,1583946.62999925
284,1583946.62999925,0.05495,20000.0,5465.59890468396,7253.155609871565,2281.245485444475,5000.0,1571199.7856091214
285,1571199.7856091214,0.05495,20000.0,5523.968829620424,7194.785684935101,2281.245485444475,5000.0,1558394.5712940565
286,1558394.5712940565,0.05495,20000.0,5582.606040171492,7136.148474384033,2281.245485444475,5000.0,1545530.7197684406
287,1545530.7197684406,0.05495,20000.0,5641.511760282541,7077.242754272984,2281.245485444475,5000.0,1532607.9625227135
288,1532607.9625227135,0.05495,20000.0,4998.117584665725,7018.067295051925,2983.81512028235,5000.0,1519626.0298177653
289,1519626.0298177653,0.05495,20000.0,5057.564018177133,6958.620861540517,2983.81512028235,5000.0,1506584.650679306
290,1506584.650679306,0.05495,20000.0,5117.282666815329,6898.902212902321,2983.81512028235,5000.0,1493483.552892208
291,1493483.552892208,0.05495,20000.0,5177.274777098747,6838.910102618903,2983.81512028235,5000.0,1480322.462994827
292,1480322.462994827,0.05495,20000.0,5237.541601253839,6778.643278463811,2983.81512028235,5000.0,1467101.1062732907
293,1467101.1062732907,0.05495,20000.0,5298.084397241207,6718.100482476443,2983.81512028235,5000.0,1453819.206755767
294,1453819.206755767,0.05495,20000.0,5358.904428781867,6657.280450935783,2983.81512028235,5000.0,1440476.4872067028
295,1440476.4872067028,0.05495,20000.0,5420.002965383624,6596.181914334026,2983.81512028235,5000.0,1427072.6691210368
296,1427072.6691210368,0.05495,20000.0,5481.38128236757,6534.80359735008,2983.81512028235,5000.0,1413607.472718387
297,1413607.472718387,0.05495,20000.0,5543.040660894704,6473.144218822946,2983.81512028235,5000.0,1400080.6169372099
298,1400080.6169372099,0.05495,20000.0,5604.982387992677,6411.202491724973,2983.81512028235,5000.0,1386491.8194289347
299,1386491.8194289347,0.05495,20000.0,5667.207756582654,6348.977123134996,2983.81512028235,5000.0,1372840.7965520697
300,1372840.7965520697,0.05495,20000.0,4927.1460171618155,6286.466814211352,3786.387168626832,5000.0,1359127.263366281
301,1359127.263366281,0.05495,20000.0,4989.942571208407,6223.670260164761,3786.387168626832,5000.0,1345350.9336264457
302,1345350.9336264457,0.05495,20000.0,5053.026681142069,6160.586150231099,3786.387168626832,5000.0,1331511.5197766768
303,1331511.5197766768,0.05495,20000.0,5116.399663729136,6097.213167644032,3786.387168626832,5000.0,1317608.732944321
304,1317608.732944321,0.05495,20000.0,5180.062841765633,6033.549989607535,3786.387168626832,5000.0,1303642.2829339285
305,1303642.2829339285,0.05495,20000.0,5244.017544104887,5969.595287268281,3786.387168626832,5000.0,1289611.8782211968
306,1289611.8782211968,0.05495,20000.0,5308.265105685271,5905.347725687897,3786.387168626832,5000.0,1275517.2259468846
307,1275517.2259468846,0.05495,20000.0,5372.806867558059,5840.805963815109,3786.387168626832,5000.0,1261358.0319106998
308,1261358.0319106998,0.05495,20000.0,5437.644176915423,5775.968654457745,3786.387168626832,5000.0,1247134.0005651575
309,1247134.0005651575,0.05495,20000.0,5502.778387118551,5710.834444254617,3786.387168626832,5000.0,1232844.8350094121
310,1232844.8350094121,0.05495,20000.0,5568.210857725902,5645.401973647266,3786.387168626832,5000.0,1218490.2369830594
311,1218490.2369830594,0.05495,20000.0,5633.942954521575,5579.669876851593,3786.387168626832,5000.0,1204069.906859911
312,1204069.906859911,0.05495,20000.0,4775.909914664409,5513.636781829342,4710.453303506249,5000.0,1189583.5436417405
313,1189583.5436417405,0.05495,20000.0,4842.245386234282,5447.30131025947,4710.453303506249,5000.0,1175030.8449519998
314,1175030.8449519998,0.05495,20000.0,4908.884618984386,5380.662077509365,4710.453303506249,5000.0,1160411.5070295092
315,1160411.5070295092,0.05495,20000.0,4975.829003887791,5313.71769260596,4710.453303506249,5000.0,1145725.224722115
316,1145725.224722115,0.05495,20000.0,5043.079938287066,5246.466758206685,4710.453303506249,5000.0,1130971.6914803218
317,1130971.6914803218,0.05495,20000.0,5110.6388259234445,5178.907870570307,4710.453303506249,5000.0,1116150.599350892
318,1116150.599350892,0.05495,20000.0,5178.507076966125,5111.039619527626,4710.453303506249,5000.0,1101261.6389704195
319,1101261.6389704195,0.05495,20000.0,5246.686108041706,5042.860588452046,4710.453303506249,5000.0,1086304.4995588716
320,1086304.4995588716,0.05495,20000.0,5315.1773422637525,4974.369354229999,4710.453303506249,5000.0,1071278.8689131015
321,1071278.8689131015,0.05495,20000.0,5383.982209262508,4905.564487231243,4710.453303506249,5000.0,1056184.4334003327
322,1056184.4334003327,0.05495,20000.0,5453.102145214728,4836.4445512790235,4710.453303506249,5000.0,1041020.8779516118
323,1041020.8779516118,0.05495,20000.0,5522.538592873663,4767.008103620088,4710.453303506249,5000.0,1025787.8860552319
324,1025787.8860552319,0.05495,20000.0,4518.631962213137,4697.253694894583,5784.114342892281,5000.0,1010485.1397501265
325,1010485.1397501265,0.05495,20000.0,4588.705788001932,4627.1798691057875,5784.114342892281,5000.0,995112.3196192323
326,995112.3196192323,0.05495,20000.0,4659.100493517985,4556.785163589734,5784.114342892281,5000.0,979669.1047828221
327,979669.1047828221,0.05495,20000.0,4729.817548123047,4486.068108984672,5784.114342892281,5000.0,964155.1728918067
328,964155.1728918067,0.05495,20000.0,4800.858427907322,4415.027229200397,5784.114342892281,5000.0,948570.200121007
329,948570.200121007,0.05495,20000.0,4872.224615720275,4343.661041387444,5784.114342892281,5000.0,932913.8611623945
330,932913.8611623945,0.05495,20000.0,4943.917601201589,4271.968055906131,5784.114342892281,5000.0,917185.8292183006
331,917185.8292183006,0.05495,20000.0,5015.938880812251,4199.946776295468,5784.114342892281,5000.0,901385.7759945961
332,901385.7759945961,0.05495,20000.0,5088.289957865799,4127.595699241921,5784.114342892281,5000.0,885513.371693838
333,885513.371693838,0.05495,20000.0,5160.972342559686,4054.913314548033,5784.114342892281,5000.0,869568.2850083861
334,869568.2850083861,0.05495,20000.0,5233.987552006818,3981.898105100901,5784.114342892281,5000.0,853550.183113487
335,853550.183113487,0.05495,20000.0,5307.337110267211,3908.5485468405086,5784.114342892281,5000.0,837458.7316603275
336,837458.7316603275,0.05495,20000.0,4120.302968871307,3834.863108727916,7044.833922400778,5000.0,821293.5947690555
337,821293.5947690555,0.05495,20000.0,4194.325824885922,3760.8402527133,7044.833922400778,5000.0,805054.4350217688
338,805054.4350217688,0.05495,20000.0,4268.687643895373,3686.478433703849,7044.833922400778,5000.0,788740.9134554727
339,788740.9134554727,0.05495,20000.0,4343.389978067704,3611.7760995315184,7044.833922400778,5000.0,772352.6895550042
340,772352.6895550042,0.05495,20000.0,4418.4343866785985,3536.7316909206234,7044.833922400778,5000.0,755889.4212459249
341,755889.4212459249,0.05495,19999.999999999996,4493.822436143924,3461.3436414552975,7044.833922400778,5000.0,739350.7648873802
342,739350.7648873802,0.05495,20000.000000000004,4569.555700052428,3385.610377546795,7044.833922400778,5000.0,722736.3752649269
343,722736.3752649269,0.05495,20000.0,4645.635759198578,3309.5303184006443,7044.833922400778,5000.0,706045.9055833275
344,706045.9055833275,0.05495,20000.000000000004,4722.064201615569,3233.101875983654,7044.833922400778,5000.0,689279.0074593112
345,689279.0074593112,0.05495,20000.0,4798.84262260846,3156.323454990762,7044.833922400778,5000.0,672435.3309143019
346,672435.3309143019,0.05495,20000.0,4875.972624787482,3079.1934528117404,7044.833922400778,5000.0,655514.5243671136
347,655514.5243671136,0.05495,20000.0,4953.455818101482,3001.710259497741,7044.833922400778,5000.0,638516.2346266113
348,638516.2346266113,0.05495,20000.0,3532.433563413018,2923.872257727691,8543.694178859292,5000.0,621440.106884339
349,621440.106884339,0.05495,20000.0,3610.6279983661734,2845.6778227745353,8543.694178859292,5000.0,604285.7847071135
350,604285.7847071135,0.05495,20000.0,3689.180498669385,2767.1253224713237,8543.694178859292,5000.0,587052.9100295849
351,587052.9100295849,0.05495,20000.0,3768.092703963568,2688.2131171771407,8543.694178859292,5000.0,569741.123146762
352,569741.123146762,0.05495,20000.0,3847.3662613978277,2608.939559742881,8543.694178859292,5000.0,552350.062706505
353,552350.062706505,0.05495,20000.0,3927.0028256638384,2529.3029954768704,8543.694178859292,5000.0,534879.3657019818
354,534879.3657019818,0.05495,20000.0,4007.004059030384,2449.301762110325,8543.694178859292,5000.0,517328.66746409214
355,517328.66746409214,0.05495,20000.0,4087.3716313780537,2368.934189762655,8543.694178859292,5000.0,499697.60165385477
356,499697.60165385477,0.05495,20000.0,4168.107220234098,2288.19860090661,8543.694178859292,5000.0,481985.80025476136
357,481985.80025476136,0.05495,20000.0,4249.212510807447,2207.0933103332613,8543.694178859292,5000.0,464192.8935650946
358,464192.8935650946,0.05495,20000.0,4330.68919602388,2125.616625116829,8543.694178859292,5000.0,446318.51019021147
359,446318.51019021147,0.05495,20000.0,4412.538976561365,2043.7668445793431,8543.694178859292,5000.0,428362.27703479084
360,428362.27703479084,0.05495,20000.0,2686.2528867894025,1961.5422602551462,10352.204852955452,5000.0,410323.819295046
361,410323.819295046,0.05495,20000.0,2768.8539911893176,1878.9411558552313,10352.204852955452,5000.0,392202.76045090123
362,392202.76045090123,0.05495,20000.0,2851.8333398131304,1795.9618072314183,10352.204852955452,5000.0,373998.72225813265
363,373998.72225813265,0.05495,20000.0,2935.192664704183,1712.6024823403657,10352.204852955452,5000.0,355711.324740473
364,355711.324740473,0.05495,20000.0,3018.933705837133,1628.8614412074157,10352.204852955452,5000.0,337340.1861816804
365,337340.1861816804,0.05495,20000.000000000004,3103.058211154271,1544.7369358902781,10352.204852955452,5000.0,318884.9231175707
366,318884.9231175707,0.05495,20000.0,3187.5679366020063,1460.2272104425424,10352.204852955452,5000.0,300345.15032801323
367,300345.15032801323,0.05495,20000.0,3272.4646461675216,1375.3305008770271,10352.204852955452,5000.0,281720.4808288902
368,281720.4808288902,0.05495,20000.0,3357.750111915589,1290.0450351289596,10352.204852955452,5000.0,263010.5258640192
369,263010.5258640192,0.05495,20000.000000000004,3443.426114025561,1204.3690330189877,10352.204852955452,5000.0,244214.89489703818
370,244214.89489703818,0.05495,20000.000000000004,3529.4944408285282,1118.3007062160204,10352.204852955452,5000.0,225333.1956032542
371,225333.1956032542,0.05495,20000.000000000004,3615.9568888446474,1031.8382581999015,10352.204852955452,5000.0,206365.03386145408
372,206365.03386145408,0.05495,19999.999999999996,1481.3683115471308,944.9798842239084,12573.65180422896,5000.0,187310.013745678
373,187310.013745678,0.05495,20000.0,1568.6244244939553,857.7237712770838,12573.65180422896,5000.0,168167.7375169551
374,168167.7375169551,0.05495,20000.000000000004,1656.280097724649,770.0680980463901,12573.65180422896,5000.0,148937.80561500147
375,148937.80561500147,0.05495,20000.0,1744.3371608923449,682.0110348786942,12573.65180422896,5000.0,129619.81664988017
376,129619.81664988017,0.05495,20000.0,1832.7974520284629,593.5507437425763,12573.65180422896,5000.0,110213.36739362276
377,110213.36739362276,0.05495,20000.0,1921.662817581075,504.6853781899642,12573.65180422896,5000.0,90718.05277181271
378,90718.05277181271,0.05495,20000.0,2010.935112453447,415.41308331759234,12573.65180422896,5000.0,71133.4658551303
379,71133.4658551303,0.05495,20000.0,2100.616200042755,325.7319957282841,12573.65180422896,5000.0,51459.19785085859
380,51459.19785085859,0.05495,20000.0,2190.7079522789827,235.6402434920566,12573.65180422896,5000.0,31694.838094350645
381,31694.838094350645,0.05495,20000.0,2281.2122496639918,145.13594610704732,12573.65180422896,5000.0,11839.974040457691
382,11839.974040457691,0.05495,11894.191254917954,2372.130981310777,54.21721446026251,9467.843059146915,0.0,0.0
